학교종류명,도로명우편번호,도로명주소
초등학교,4702,서울특별시 성동구 마장로 161
초등학교,4763,서울특별시 성동구 살곶이길 208
초등학교,5006,서울특별시 광진구 군자로 114
초등학교,5114,서울특별시 광진구 자양로4길 63
초등학교,5011,서울특별시 광진구 군자로 9
초등학교,4713,서울특별시 성동구 행당로 95
초등학교,4746,서울특별시 성동구 고산자로8길 6
초등학교,4907,서울특별시 광진구 동일로72길 43
초등학교,4908,서울특별시 광진구 긴고랑로13길 59
초등학교,5004,서울특별시 광진구 군자로 74
초등학교,5054,서울특별시 광진구 아차산로44길 26
초등학교,4742,서울특별시 성동구 독서당로62길 28
초등학교,4926,서울특별시 광진구 천호대로113길 10
초등학교,4805,서울특별시 성동구 용답25길 1
초등학교,4940,서울특별시 광진구 용마산로22길 82
초등학교,4735,서울특별시 성동구 한림말길 43
초등학교,4740,서울특별시 성동구 금호로1길 25
초등학교,4982,서울특별시 광진구 워커힐로 32
초등학교,5114,서울특별시 광진구 뚝섬로64길 71
초등학교,5110,서울특별시 광진구 뚝섬로46길 64
초등학교,5090,서울특별시 광진구 능동로 42
초등학교,4800,서울특별시 성동구 동일로43길 9
초등학교,5102,서울특별시 광진구 뚝섬로56길 7
초등학교,4798,서울특별시 성동구 아차산로17길 21
초등학교,4761,서울특별시 성동구 사근동11길 16
초등학교,4710,서울특별시 성동구 무학봉15길 21
초등학교,4753,서울특별시 성동구 마장로35나길 31
초등학교,4731,서울특별시 성동구 동호로5길 133
초등학교,5069,서울특별시 광진구 뚝섬로 561
초등학교,4948,서울특별시 광진구 영화사로 111
초등학교,4705,서울특별시 성동구 마장로29길 29
초등학교,4726,서울특별시 성동구 무수막길 69
초등학교,4725,서울특별시 성동구 독서당로 251
초등학교,4721,서울특별시 성동구 행당로1길 13
초등학교,5022,서울특별시 광진구 광나루로30길 49
초등학교,5048,서울특별시 광진구 구의강변로 69
초등학교,4980,서울특별시 광진구 자양로40길 41
초등학교,4966,서울특별시 광진구 광장로1길 27
초등학교,4973,서울특별시 광진구 아차산로70길 35
초등학교,4774,서울특별시 성동구 뚝섬로 332
초등학교,4785,서울특별시 성동구 뚝섬로13길 22
초등학교,4781,서울특별시 성동구 성수일로 34
초등학교,4991,서울특별시 광진구 천호대로130길 58
초등학교,6973,서울특별시 동작구 서달로 135
초등학교,6904,서울특별시 동작구 현충로 87
초등학교,7031,서울특별시 동작구 솔밭로 47
초등학교,8833,서울특별시 관악구 관악로5길 61
초등학교,8701,서울특별시 관악구 조원로 67
초등학교,8792,서울특별시 관악구 낙성대로 23
초등학교,8716,서울특별시 관악구 은천로 69
초등학교,6973,서울특별시 동작구 서달로 115
초등학교,8846,서울특별시 관악구 광신길 177
초등학교,8739,서울특별시 관악구 봉천로 505
초등학교,6933,서울특별시 동작구 등용로8길 3
초등학교,6915,서울특별시 동작구 만양로12가길 69
초등학교,8823,서울특별시 관악구 호암로 498
초등학교,8839,서울특별시 관악구 신림로 114
초등학교,6967,서울특별시 동작구 장승배기로 14
초등학교,8747,서울특별시 관악구 양녕로6나길 1
초등학교,8842,서울특별시 관악구 문성로28길 31
초등학교,7030,서울특별시 동작구 사당로 146
초등학교,6941,서울특별시 동작구 알마타길 16
초등학교,7039,서울특별시 동작구 상도로58길 21
초등학교,6961,서울특별시 동작구 성대로21길 62
초등학교,7000,서울특별시 동작구 사당로23나길 27
초등학교,8816,서울특별시 관악구 대학7길 52
초등학교,8804,서울특별시 관악구 남현4길 51
초등학교,8723,서울특별시 관악구 성현로 117
초등학교,8736,서울특별시 관악구 행운1라길 17
초등학교,6907,서울특별시 동작구 노량진로26길 16-40
초등학교,7063,서울특별시 동작구 여의대방로16길 30
초등학교,8770,서울특별시 관악구 문성로 79
초등학교,7066,서울특별시 동작구 신대방2길 14
초등학교,6992,서울특별시 동작구 동작대로29길 214
초등학교,6954,서울특별시 동작구 대방동1길 22
초등학교,8711,서울특별시 관악구 보라매로2길 23
초등학교,6924,서울특별시 동작구 장승배기로 160
초등학교,7005,서울특별시 동작구 사당로23길 57-14
초등학교,7014,서울특별시 동작구 동작대로13길 22
초등학교,8763,서울특별시 관악구 남부순환로163길 14
초등학교,8859,서울특별시 관악구 난향길 9
초등학교,8850,서울특별시 관악구 난우길 40
초등학교,8858,서울특별시 관악구 난곡로35길 102
초등학교,8724,서울특별시 관악구 구암길 1
초등학교,8785,서울 관악구 청룡4길 49
초등학교,6912,서울특별시 동작구 강남초등길 15
초등학교,5201,서울특별시 강동구 아리수로93다길 1
초등학교,5274,서울특별시 강동구 상일로11길 110
초등학교,5698,서울특별시 송파구 송파대로37길 95
초등학교,5214,서울특별시 강동구 고덕로97길 80
초등학교,5850,서울특별시 송파구 위례광장로 243
초등학교,5371,서울특별시 강동구 풍성로 261
초등학교,5506,서울특별시 송파구 강동대로2길 13
초등학교,5522,서울특별시 송파구 풍성로 43
초등학교,5831,서울특별시 송파구 송파대로26길 22
초등학교,5533,서울특별시 송파구 풍성로20길 44
초등학교,5309,서울특별시 강동구 구천면로 310-11
초등학교,5330,서울특별시 강동구 구천면로 266
초등학교,5341,서울특별시 강동구 성안로 200
초등학교,5677,서울특별시 송파구 송파대로36길 8
초등학교,5507,서울특별시 송파구 올림픽로37길 109
초등학교,5568,서울특별시 송파구 올림픽로12길 51
초등학교,5501,서울특별시 송파구 올림픽로 95
초등학교,5507,서울특별시 송파구 올림픽로35길 20
초등학교,5502,서울특별시 송파구 잠실로 32
초등학교,5504,서울특별시 송파구 올림픽로35길 122
초등학교,5410,서울특별시 강동구 명일로 23
초등학교,5649,서울특별시 송파구 양재대로 1196
초등학교,5654,서울특별시 송파구 위례성대로22길 11
초등학교,5744,서울특별시 송파구 오금로57길 15
초등학교,5572,서울특별시 송파구 올림픽로4길 59
초등학교,5503,서울특별시 송파구 올림픽로 215
초등학교,5242,서울특별시 강동구 올림픽로93길 33-16
초등학교,5300,서울특별시 강동구 명일로24길 33
초등학교,5706,서울특별시 송파구 송이로 75
초등학교,5666,서울특별시 송파구 백제고분로 400
초등학교,5607,서울특별시 송파구 석촌호수로 159
초등학교,5853,서울특별시 송파구 위례순환로 439
초등학교,5649,서울특별시 송파구 양재대로 1264
초등학교,5396,서울특별시 강동구 성내로15길 33
초등학교,5392,서울특별시 강동구 성내로3길 19
초등학교,5239,서울특별시 강동구 올림픽로 837
초등학교,5367,서울특별시 강동구 진황도로61길 29
초등학교,5689,서울특별시 송파구 가락로11길 26
초등학교,5283,서울특별시 강동구 천호대로 1477
초등학교,5584,서울특별시 송파구 백제고분로28길 19
초등학교,5555,서울특별시 송파구 석촌호수로 81
초등학교,5636,서울특별시 송파구 위례성대로10길 4
초등학교,5645,서울특별시 송파구 오금로27길 42
초등학교,5799,서울특별시 송파구 충민로 137
초등학교,5797,서울특별시 송파구 문정로5길 20
초등학교,5809,서울특별시 송파구 송이로34길 60
초등학교,5232,서울특별시 강동구 동남로79길 46
초등학교,5256,서울특별시 강동구 고덕로38길 8
초등학교,5268,서울특별시 강동구 명일로 364
초등학교,5230,서울특별시 강동구 양재대로156길 11
초등학교,5758,서울특별시 송파구 마천로61다길 24
초등학교,5409,서울특별시 강동구 양재대로88길 27
초등학교,5271,서울특별시 강동구 상암로 271
초등학교,5745,서울특별시 송파구 성내천로 207
초등학교,5344,서울특별시 강동구 양재대로116길 69
초등학교,5275,서울특별시 강동구 구천면로93길 20
초등학교,5267,서울특별시 강동구 고덕로46길 53
초등학교,5221,서울특별시 강동구 아리수로82길 42
초등학교,5789,서울특별시 송파구 양산로2길 26
초등학교,5731,서울특별시 송파구 마천로25길 18
초등학교,5742,서울특별시 송파구 문정로 211
초등학교,5213,서울특별시 강동구 아리수로98길 24
초등학교,5285,서울특별시 강동구 상일로 74-1
초등학교,5322,서울특별시 강동구 상암로14길 77
초등학교,134803,서울특별시 강동구 동남로82길 94-54
초등학교,5823,서울특별시 송파구 오금로40길 37
초등학교,5834,서울특별시 송파구 중대로4길 8
초등학교,5698,서울특별시 송파구 송파대로37길 45
초등학교,5820,서울특별시 송파구 중대로20길 47
초등학교,2831,서울특별시 성북구 성북로4길 52-1
초등학교,1211,서울특별시 강북구 도봉로13가길 19
초등학교,2840,서울특별시 성북구 북악산로 918
초등학교,2828,서울특별시 성북구 북악산로 870
초등학교,2859,서울특별시 성북구 안암로 5
초등학교,2763,서울특별시 성북구 한천로 694
초등학교,1158,서울특별시 강북구 솔매로50가길 25
초등학교,2706,서울특별시 성북구 정릉로9라길 11
초등학교,2813,서울특별시 성북구 정릉로24길 58
초등학교,2701,서울특별시 성북구 솔샘로25가길 8
초등학교,2826,서울특별시 성북구 아리랑로 63
초등학교,2769,서울특별시 성북구 장월로8가길 41
초등학교,2758,서울특별시 성북구 한천로101길 66
초등학교,2754,서울특별시 성북구 장월로23길 16
초등학교,2795,서울특별시 성북구 월곡로 74
초등학교,1020,서울특별시 강북구 인수봉로 269
초등학교,1095,서울특별시 강북구 인수봉로37길 24
초등학교,2747,서울특별시 성북구 장월로3길 42
초등학교,1085,서울특별시 강북구 삼양로99길 36
초등학교,1230,서울특별시 강북구 월계로 221
초등학교,2850,서울특별시 성북구 인촌로7가길 39
초등학교,2741,서울특별시 성북구 오패산로16길 37
초등학교,2811,서울특별시 성북구 종암로5길 14
초등학교,2718,서울특별시 성북구 정릉로 279
초등학교,2736,서울특별시 성북구 종암로40길 30
초등학교,1116,서울특별시 강북구 삼양로74길 39
초등학교,1061,서울특별시 강북구 한천로124길 14
초등학교,1208,서울특별시 강북구 삼양로20길 29
초등학교,1165,서울특별시 강북구 오현로 9
초등학교,2837,서울특별시 성북구 성북로 102-10
초등학교,2783,서울특별시 성북구 돌곶이로22길 21
초등학교,2780,서울특별시 성북구 한천로58길 273
초등학교,1181,서울특별시 강북구 삼양로49길 17
초등학교,2863,서울특별시 성북구 보문로29길 106
초등학교,1198,서울특별시 강북구 삼양로19길 141
초등학교,1224,서울특별시 강북구 오현로 204
초등학교,1187,서울특별시 강북구 솔샘로 195
초등학교,2724,서울특별시 성북구 삼양로 77
초등학교,2874,서울특별시 성북구 보문사길 50
초등학교,2830,서울특별시 성북구 동소문로13길 38
초등학교,2723,서울특별시 성북구 길음로 142
초등학교,2715,서울특별시 성북구 길음로15길 55
초등학교,2806,서울특별시 성북구 정릉로48길 52
초등학교,6373,서울특별시 강남구 자곡로 150
초등학교,6370,서울특별시 강남구 밤고개로21길 15
초등학교,6767,서울특별시 서초구 양재대로2길 74
초등학교,6375,서울특별시 강남구 자곡로 55
초등학교,6765,서울특별시 서초구 태봉로
초등학교,6100,서울특별시 강남구 선릉로115길 42
초등학교,6311,서울특별시 강남구 개포로22길 87
초등학교,6010,서울특별시 강남구 압구정로71길 9
초등학교,6547,서울특별시 서초구 신반포로16길 15-25
초등학교,6345,서울특별시 강남구 영동대로4길 20
초등학교,6692,서울특별시 서초구 방배천로4길 23
초등학교,6544,서울특별시 서초구 사평대로45길 26
초등학교,6602,서울특별시 서초구 고무래로 90-6
초등학교,6762,서울특별시 서초구 바우뫼로7길 38
초등학교,6353,서울특별시 강남구 광평로31길 74
초등학교,6338,서울특별시 강남구 일원로 21
초등학교,6251,서울특별시 강남구 강남대로66길 21
초등학교,6268,서울특별시 강남구 남부순환로363길 19
초등학교,6066,서울특별시 강남구 삼성로135길 42
초등학교,6800,서울특별시 서초구 헌릉로8길 42
초등학교,6328,서울특별시 강남구 개포로 513
초등학교,6755,서울특별시 서초구 바우뫼로18길 14
초등학교,6004,서울특별시 강남구 압구정로39길 29
초등학교,6712,서울특별시 서초구 남부순환로317길 15
초등학교,6517,서울특별시 서초구 나루터로 15
초등학교,6029,서울특별시 강남구 압구정로18길 28
초등학교,6348,서울특별시 강남구 광평로51길 46
초등학교,6613,서울특별시 서초구 서운로 178
초등학교,6723,서울특별시 서초구 남부순환로339길 38
초등학교,6630,서울특별시 서초구 서운로 35
초등학교,6598,서울특별시 서초구 고무래로 63
초등학교,6574,서울특별시 서초구 방배로 260
초등학교,6097,서울특별시 강남구 봉은사로63길 22
초등학교,6078,서울특별시 강남구 학동로 610
초등학교,6700,서울특별시 서초구 효령로4길 58
초등학교,6663,서울특별시 서초구 방배로18길 52
초등학교,6570,서울특별시 서초구 방배중앙로13길 26
초등학교,6502,서울특별시 서초구 신반포로 55-4
초등학교,6510,서울특별시 서초구 잠원로3길 28
초등학교,6780,서울특별시 서초구 언남길 8
초등학교,6213,서울특별시 강남구 역삼로 313
초등학교,6205,서울특별시 강남구 선릉로64길 33
초등학교,6187,서울특별시 강남구 역삼로98길 16
초등학교,6291,서울특별시 강남구 양재천로 363
초등학교,6341,서울특별시 강남구 양재대로55길 28
초등학교,6334,서울특별시 강남구 개포로109길 74
초등학교,6365,서울특별시 강남구 헌릉로618길 8
초등학교,6363,서울특별시 강남구 광평로20길 27
초등학교,6277,서울특별시 강남구 선릉로 209
초등학교,6288,서울특별시 강남구 남부순환로 3022
초등학교,6119,서울특별시 강남구 강남대로120길 33
초등학교,6305,서울특별시 강남구 개포로 263
초등학교,6331,서울특별시 강남구 영동대로3길 45
초등학교,6323,서울특별시 강남구 개포로 401
초등학교,6321,서울특별시 강남구 선릉로 29
초등학교,6504,서울특별시 서초구 신반포로19길 23
초등학교,6639,서울특별시 서초구 서초중앙로 96
초등학교,7576,서울특별시 강서구 화곡로69길 9
초등학교,8049,서울특별시 양천구 신정이펜2로 30
초등학교,7725,서울특별시 강서구 까치산로10길 70
초등학교,7722,서울특별시 강서구 초록마을로 28
초등학교,7525,서울특별시 강서구 허준로 109
초등학교,7514,서울특별시 강서구 방화대로47길 43
초등학교,8053,서울특별시 양천구 신정로11길 74
초등학교,7961,서울특별시 양천구 목동중앙로3길 30-10
초등학교,7518,서울특별시 강서구 방화대로50길 22
초등학교,8080,서울특별시 양천구 신정로13가길 30
초등학교,8100,서울특별시 양천구 목동남로 85
초등학교,7980,서울특별시 양천구 목동중앙로 132
초등학교,7761,서울특별시 강서구 월정로 176
초등학교,7689,서울특별시 강서구 화곡로 263
초등학교,7982,서울특별시 양천구 목동중앙로 70
초등학교,7554,서울특별시 강서구 양천로 646-28
초등학교,7542,서울특별시 강서구 양천로73길 17
초등학교,7535,서울특별시 강서구 양천로69길 49
초등학교,7971,서울특별시 양천구 목동중앙북로16길 57
초등학교,7523,서울특별시 강서구 양천로 329
초등학교,7909,서울특별시 양천구 화곡로 16
초등학교,8021,서울특별시 양천구 목동로11길 30
초등학교,8091,서울특별시 양천구 중앙로 204
초등학교,7942,서울특별시 양천구 오목로23길 24
초등학교,7935,서울특별시 양천구 오목로 101
초등학교,7746,서울특별시 강서구 곰달래로31가길 27
초등학교,7716,서울특별시 강서구 강서로31길 48
초등학교,7915,서울특별시 양천구 남부순환로58길 32
초등학교,8089,서울특별시 양천구 목동서로10길 35
초등학교,8017,서울특별시 양천구 신목로5길 11-6
초등학교,8065,서울특별시 양천구 남부순환로83길
초등학교,8106,서울특별시 양천구 신정로 292
초등학교,7731,서울특별시 강서구 등촌로13자길 42-14
초등학교,7931,서울특별시 양천구 중앙로55길 72
초등학교,7643,서울특별시 강서구 수명로1길 84
초등학교,7598,서울특별시 강서구 방화대로34길 2
초등학교,7619,서울특별시 강서구 공항대로3길 18
초등학교,8002,서울특별시 양천구 목동로8길 19
초등학교,7508,서울특별시 강서구 금낭화로 222
초등학교,7564,서울특별시 강서구 공항대로 491
초등학교,7611,서울특별시 강서구 양천로6길 92
초등학교,7640,서울특별시 강서구 강서로45길 113
초등학교,7978,서울특별시 양천구 목동중앙로 204
초등학교,7996,서울특별시 양천구 목동동로 235
초등학교,8010,서울특별시 양천구 목동동로12길 12
초등학교,7578,서울특별시 강서구 화곡로65길 124
초등학교,7669,서울특별시 강서구 등촌로39길 71
초등학교,7577,서울특별시 강서구 화곡로65길 90
초등학교,7580,서울특별시 강서구 강서로56나길 140
초등학교,7656,서울특별시 강서구 화곡로58길 86
초등학교,7585,서울특별시 강서구 강서로56나길 34
초등학교,7672,서울특별시 강서구 등촌로35길 12
초등학교,7693,서울특별시 강서구 강서로46길 23
초등학교,8077,서울특별시 양천구 중앙로23길 3
초등학교,7798,서울특별시 강서구 마곡서1로 68
초등학교,7810,서울특별시 강서구 마곡서로 33
초등학교,8099,서울특별시 양천구 목동동로2길 54
초등학교,7985,서울특별시 양천구 안양천로 1009
초등학교,7507,서울특별시 강서구 양천로 11
초등학교,8042,서울특별시 양천구 신월로 97
초등학교,7901,서울특별시 양천구 월정로 280
초등학교,7930,서울특별시 양천구 오목로 31
초등학교,8100,서울특별시 양천구 목동로 31
초등학교,7533,서울 강서구 허준로 186
초등학교,7633,서울특별시 강서구 공항대로36길 74
초등학교,3087,서울특별시 종로구 대학로 64
초등학교,3131,서울특별시 종로구 삼일대로 460
초등학교,4313,서울특별시 용산구 청파로 263
초등학교,4628,서울특별시 중구 소파로2길 10
초등학교,4586,서울특별시 중구 청구로6길 11
초등학교,4328,서울특별시 용산구 두텁바위로 140
초등학교,3126,서울특별시 종로구 대학로 12
초등학교,3067,서울특별시 종로구 혜화로 32
초등학교,4418,서울특별시 용산구 한남대로 112
초등학교,4388,서울특별시 용산구 한강대로14길 9
초등학교,4618,서울 중구 퇴계로50길 13
초등학교,4306,서울특별시 용산구 효창원로 228
초등학교,3032,서울특별시 종로구 자하문로 105
초등학교,4589,서울특별시 중구 다산로 170
초등학교,3103,서울특별시 종로구 지봉로 73
초등학교,3056,서울특별시 종로구 북촌로4길 7
초등학교,4609,서울특별시 중구 청구로17길 40
초등학교,4345,서울특별시 용산구 녹사평대로40길 19
초등학교,4357,서울특별시 용산구 효창원로13길 38
초등학교,4341,서울특별시 용산구 녹사평대로60길 39
초등학교,4375,서울 용산구 한강대로57길 33
초등학교,4423,서울특별시 용산구 이촌로 255
초등학교,4579,서울특별시 중구 난계로 141
초등학교,3014,서울특별시 종로구 세검정로9길 1
초등학교,4384,서울특별시 용산구 서빙고로51길 14
초등학교,4335,서울특별시 용산구 두텁바위로1나길 19
초등학교,4501,서울특별시 중구 손기정로 73
초등학교,4407,서울특별시 용산구 우사단로 20
초등학교,3093,서울특별시 종로구 낙산길 250
초등학교,3027,서울특별시 종로구 사직로9길 19
초등학교,3025,서울특별시 종로구 통일로12길 23
초등학교,4519,서울특별시 중구 덕수궁길 140
초등학교,4368,서울특별시 용산구 원효로64길 17-10
초등학교,4629,서울특별시 중구 퇴계로22길 17
초등학교,4318,서울특별시 용산구 효창원로 137
초등학교,3132,서울특별시 종로구 삼일대로 446
초등학교,4569,서울특별시 중구 다산로 269
초등학교,3015,서울특별시 종로구 홍지문2길 1
초등학교,4628,서울특별시 중구 소파로2길 7
초등학교,4592,서울특별시 중구 매봉18길 109
초등학교,1797,서울특별시 노원구 화랑로 621
초등학교,1438,서울특별시 도봉구 노해로49길 69
초등학교,1795,서울특별시 노원구 화랑로 815
초등학교,1672,서울특별시 노원구 한글비석로 506
초등학교,1911,서울특별시 노원구 마들로 45
초등학교,1823,서울특별시 노원구 노원로1길 36
초등학교,1801,서울특별시 노원구 화랑로51나길 31
초등학교,1364,서울특별시 도봉구 해등로32길 11
초등학교,1781,서울특별시 노원구 공릉로 431
초등학교,1424,서울특별시 도봉구 노해로66길 84
초등학교,1427,서울특별시 도봉구 해등로 103
초등학교,1486,서울특별시 도봉구 덕릉로63길 46
초등학교,1400,서울특별시 도봉구 해등로16길 81
초등학교,1338,서울특별시 도봉구 방학로 32-28
초등학교,1432,서울특별시 도봉구 도봉로129길 54
초등학교,1862,서울특별시 노원구 섬밭로 181
초등학교,1776,서울특별시 노원구 섬밭로 241
초등학교,1777,서울특별시 노원구 섬밭로 316
초등학교,1699,서울특별시 노원구 한글비석로19길 39
초등학교,1411,서울특별시 도봉구 마들로13길 166
초등학교,1741,서울특별시 노원구 중계로 239
초등학교,1420,서울특별시 도봉구 노해로70길 96
초등학교,1882,서울특별시 노원구 월계로45가길 10
초등학교,1713,서울특별시 노원구 덕릉로76길 18
초등학교,1851,서울특별시 노원구 섬밭로 144
초등학교,1789,서울특별시 노원구 한글비석로1길 81-11
초등학교,1671,서울특별시 노원구 한글비석로52길 59
초등학교,1310,서울특별시 도봉구 시루봉로 285
초등학교,1810,서울특별시 노원구 공릉로58길 36
초등학교,1864,서울특별시 노원구 월계로55길 48
초등학교,1378,서울특별시 도봉구 우이천로 360
초등학교,1482,서울특별시 도봉구 우이천로 120
초등학교,1362,서울특별시 도봉구 방학로 247-21
초등학교,1480,서울특별시 도봉구 덕릉로60길 93
초등학교,1639,서울특별시 노원구 상계로 267
초등학교,1316,서울특별시 도봉구 시루봉로 173
초등학교,1877,서울특별시 노원구 초안산로 29
초등학교,1380,서울특별시 도봉구 노해로 179
초등학교,1725,서울특별시 노원구 중계로12길 9
초등학교,1602,서울특별시 노원구 동일로 1745
초등학교,1899,서울특별시 노원구 광운로2길 1
초등학교,1765,서울특별시 노원구 덕릉로 443
초등학교,1687,서울특별시 노원구 동일로221길 27
초등학교,1672,서울특별시 노원구 한글비석로54길 119
초등학교,1755,서울특별시 노원구 동일로216길 66
초등학교,1677,서울특별시 노원구 노원로38길 34
초등학교,1685,서울특별시 노원구 상계로9길 39
초등학교,1618,서울특별시 노원구 수락산로 237
초등학교,1721,서울특별시 노원구 중계로 178
초등학교,1368,서울특별시 도봉구 삼양로146길 17
초등학교,1357,서울특별시 도봉구 도당로9길 34
초등학교,1619,서울특별시 노원구 한글비석로 566
초등학교,1313,서울특별시 도봉구 도봉로173길 96
초등학교,1645,서울특별시 노원구 덕릉로112길 68
초등학교,1764,서울특별시 노원구 동일로213길 52
초등학교,1318,서울특별시 도봉구 마들로 859-44
초등학교,1907,서울특별시 노원구 마들로3길 34
초등학교,1613,서울특별시 노원구 동일로 1625
초등학교,1629,서울특별시 노원구 동일로230나길 32
초등학교,1841,서울특별시 노원구 동일로192가길 16
초등학교,1861,서울특별시 노원구 동일로173길 12
초등학교,1680,서울특별시 노원구 한글비석로41가길 24
초등학교,1397,서울특별시 도봉구 도봉로136다길 4
초등학교,1758,서울특별시 노원구 덕릉로 541
초등학교,1375,서울특별시 도봉구 시루봉로 53
초등학교,8368,서울특별시 구로구 연동로 178
초등학교,8350,서울특별시 구로구 오리로 1106
초등학교,8611,서울특별시 금천구 시흥대로79길 37
초등학교,8350,서울특별시 구로구 오류로 30
초등학교,8364,서울특별시 구로구 천왕로1길 11
초등학교,8575,서울특별시 금천구 탑골로 47-3
초등학교,8556,서울특별시 금천구 독산로78다길 89
초등학교,7322,서울특별시 영등포구 여의나루로2길 14
초등학교,7347,서울특별시 영등포구 신길로 190
초등학교,8260,서울특별시 구로구 부일로 893
초등학교,8359,서울특별시 구로구 경인로2길 10
초등학교,8268,서울특별시 구로구 경인로19길 39
초등학교,8342,서울특별시 구로구 서해안로24길 22
초등학교,7245,서울특별시 영등포구 양산로 185
초등학교,8321,서울특별시 구로구 남부순환로105길 218
초등학교,7365,서울특별시 영등포구 도영로 22길 31
초등학교,7350,서울특별시 영등포구 도신로60길 23
초등학교,8370,서울특별시 구로구 도림로20길 57
초등학교,7281,서울특별시 영등포구 문래로 56
초등학교,7445,서울특별시 영등포구 시흥대로173길 14
초등학교,7363,서울특별시 영등포구 경인로 756
초등학교,7229,서울특별시 영등포구 국회대로53길 20
초등학교,8551,서울특별시 금천구 문성로 62-15
초등학교,7341,서울특별시 영등포구 여의대방로 439
초등학교,8597,서울특별시 금천구 한내로 69-16
초등학교,8569,서울특별시 금천구 독산로36나길 21
초등학교,7378,서울특별시 영등포구 도신로4길 32
초등학교,8211,서울특별시 구로구 신도림로 26
초등학교,8201,서울특별시 구로구 신도림로19길 44
초등학교,7439,서울특별시 영등포구 대림로8길 25
초등학교,8299,서울특별시 구로구 가마산로27길 69
초등학교,8627,서울특별시 금천구 독산로23길 26
초등학교,8245,서울특별시 구로구 고척로33길 34
초등학교,7210,서울특별시 영등포구 선유로43가길 14
초등학교,8650,서울특별시 금천구 시흥대로38길 78
초등학교,8288,서울특별시 구로구 새말로 73
초등학교,8540,서울특별시 금천구 시흥대로 460
초등학교,8634,서울특별시 금천구 시흥대로47길 43-1
초등학교,7295,서울특별시 영등포구 문래로 104
초등학교,8561,서울특별시 금천구 독산로54길 102
초등학교,8251,서울특별시 구로구 고척로21길 55
초등학교,8587,서울특별시 금천구 범안로11길 3
초등학교,8303,서울특별시 구로구 구로중앙로14길 43
초등학교,8617,서울특별시 금천구 시흥대로104길 31
초등학교,7409,서울특별시 영등포구 도림로53길 32-9
초등학교,7384,서울특별시 영등포구 가마산로65길 22
초등학교,8241,서울특별시 구로구 고척로 213
초등학교,7397,서울특별시 영등포구 신길로23길 43
초등학교,7391,서울특별시 영등포구 여의대방로35길 14
초등학교,7418,서울특별시 영등포구 대림로21길 6
초등학교,7434,서울특별시 영등포구 대방천로 206
초등학교,7271,서울특별시 영등포구 선유로 131
초등학교,7213,서울특별시 영등포구 당산로 187
초등학교,7206,서울특별시 영등포구 선유로55길 32
초등학교,8571,서울특별시 금천구 탑골로5길 60
초등학교,8651,서울특별시 금천구 시흥대로24길 57
초등학교,8645,서울특별시 금천구 금하로30길 53
초등학교,8324,서울특별시 구로구 구일로 68
초등학교,8283,서울특별시 구로구 구로중앙로27나길 9
초등학교,8375,서울특별시 구로구 디지털로27길 76
초등학교,8232,서울특별시 구로구 경서로 31
초등학교,8275,서울특별시 구로구 경인로46길 13
초등학교,8223,서울특별시 구로구 중앙로 6
초등학교,8349,서울특별시 구로구 개봉로11길 98
초등학교,8333,서울특별시 구로구 개봉로16길 30-11
초등학교,8355,서울특별시 구로구 개봉로1다길 16-9
초등학교,8530,서울특별시 금천구 남부순환로 1304-11
초등학교,8656,서울특별시 금천구 탑골로10길 45
초등학교,3370,서울특별시 은평구 통일로 650
초등학교,3711,서울특별시 서대문구 모래내로15길 61
초등학교,3301,서울특별시 은평구 진관3로 73-17
초등학교,3918,서울특별시 마포구 월드컵북로 502-14
초등학교,3362,서울특별시 은평구 불광로14길 10-10
초등학교,3967,서울특별시 마포구 성미산로 51
초등학교,3481,서울특별시 은평구 가좌로5길 5
초등학교,3762,서울특별시 서대문구 북아현로11가길 7
초등학교,3765,서울특별시 서대문구 성산로 512-39
초등학교,3351,서울특별시 은평구 통일로78가길 20
초등학교,3412,서울특별시 은평구 연서로 117
초등학교,3322,서울특별시 은평구 갈현로29길 27
초등학교,3616,서울특별시 서대문구 홍은중앙로 13
초등학교,3617,서울특별시 서대문구 세검정로 105
초등학교,3657,서울특별시 서대문구 백련사길 55
초등학교,4123,서울특별시 마포구 대흥로24바길 27
초등학교,4102,서울특별시 마포구 백범로1길 56
초등학교,3787,서울특별시 서대문구 연세로5나길 30-3
초등학교,3303,서울특별시 은평구 진관4로 78-16
초등학교,3493,서울특별시 은평구 증산서길 61
초등학교,3949,서울특별시 마포구 월드컵북로 152
초등학교,3629,서울특별시 서대문구 세무서길 33-9
초등학교,3470,서울특별시 은평구 가좌로6길 20
초등학교,3382,서울특별시 은평구 은평로 239
초등학교,3311,서울특별시 은평구 진관1로 21-20
초등학교,3453,서울특별시 은평구 은평로4길 21-9
초등학교,4136,서울특별시 마포구 백범로17길 9
초등학교,4155,서울특별시 마포구 토정로37길 37
초등학교,3723,서울특별시 서대문구 연희로 136
초등학교,3348,서울특별시 은평구 연서로34길 22
초등학교,3476,서울특별시 은평구 백련산로2길 35
초등학교,3338,서울특별시 은평구 연서로 347
초등학교,3342,서울특별시 은평구 연서로35길 37
초등학교,3670,서울특별시 서대문구 증가로12가길 49-50
초등학교,3420,서울특별시 은평구 은평로3길 25
초등학교,3731,서울특별시 서대문구 통일로 321
초등학교,4117,서울특별시 마포구 굴레방로 6
초등학교,4090,서울특별시 마포구 대흥로 33
초등학교,3442,서울특별시 은평구 가좌로 275-2
초등학교,3941,서울특별시 마포구 월드컵북로38길 26
초등학교,3310,서울특별시 은평구 진관1로 77-23
초등학교,3489,서울특별시 은평구 수색로16길 21
초등학교,4202,서울특별시 마포구 마포대로24길 42
초등학교,3939,서울특별시 마포구 월드컵로36길 34
초등학교,3968,서울특별시 마포구 성미산로7길 24
초등학교,4023,서울특별시 마포구 양화로3길 94
초등학교,3444,서울특별시 은평구 은평터널로 150
초등학교,4054,서울특별시 마포구 와우산로23길 20-27
초등학교,4067,서울특별시 마포구 독막로 113
초등학교,3905,서울특별시 마포구 월드컵로42길 30
초등학교,3912,서울특별시 마포구 월드컵북로 353
초등학교,3439,서울특별시 은평구 가좌로 361
초등학교,3358,서울특별시 은평구 불광로 51
초등학교,3307,서울특별시 은평구 대서문길 42-3
초등학교,3769,서울특별시 서대문구 북아현로1나길 22
초등학교,3714,서울특별시 서대문구 거북골로19길 20
초등학교,3740,서울특별시 서대문구 충정로 52
초등학교,3955,서울특별시 마포구 방울내로5길 28
초등학교,4171,서울특별시 마포구 도화2길 64
초등학교,3959,서울특별시 마포구 월드컵로25길 86
초등학교,3388,서울특별시 은평구 연서로18길 17
초등학교,3391,서울특별시 은평구 통일로69길 12-15
초등학교,3767,서울특별시 서대문구 이화여대2길 27
초등학교,3380,서울특별시 은평구 녹번로1길 1
초등학교,3735,서울특별시 서대문구 통일로 165
초등학교,3428,서울특별시 은평구 갈현로15길 51
초등학교,3426,서울특별시 은평구 서오릉로15길 16
초등학교,4214,서울 마포구 만리재옛길 13
초등학교,3645,서울특별시 서대문구 모래내로 441
초등학교,3331,서울특별시 은평구 연서로29길 31
초등학교,3656,서울특별시 서대문구 명지2길 32-20
초등학교,3746,서울특별시 서대문구 경기대로9길 10
초등학교,2055,서울특별시 중랑구 신내역로1길 164
초등학교,2458,서울특별시 동대문구 회기로10길 63
초등학교,2520,서울특별시 동대문구 장안벚꽃로 205
초등학교,2511,서울특별시 동대문구 장안벚꽃로 309
초등학교,2495,서울특별시 동대문구 망우로6길 48
초등학교,2479,서울특별시 동대문구 고산자로 518
초등학교,2457,서울특별시 동대문구 회기로 90
초등학교,2452,서울특별시 동대문구 회기로25길 31
초등학교,2089,서울특별시 중랑구 봉화산로 82
초등학교,2085,서울특별시 중랑구 신내로7가길 22
초등학교,2130,서울특별시 중랑구 동일로 665
초등학교,2132,서울특별시 중랑구 봉우재로6길 26
초등학교,2245,서울특별시 중랑구 면목로23길 20
초등학교,2574,서울특별시 동대문구 무학로44길 25
초등학교,2508,서울특별시 동대문구 전농로16길 61
초등학교,2541,서울특별시 동대문구 사가정로 66
초등학교,2505,서울특별시 동대문구 전농로 172
초등학교,2523,서울특별시 동대문구 답십리로
초등학교,2411,서울특별시 동대문구 신이문로 16
초등학교,2022,서울특별시 중랑구 숙선옹주로 109
초등학교,2583,서울특별시 동대문구 천호대로13길 43
초등학교,2641,서울특별시 동대문구 장한로14길 61
초등학교,2075,서울특별시 중랑구 봉화산로 188
초등학교,2011,서울특별시 중랑구 동일로149길 46
초등학교,2592,서울특별시 동대문구 천호대로 177
초등학교,2071,서울특별시 중랑구 용마산로125나길 22
초등학교,2096,서울특별시 중랑구 동일로126가길 11
초등학교,2027,서울특별시 중랑구 신내로15길 110
초등학교,2509,서울특별시 동대문구 사가정로 193
초등학교,2008,서울특별시 중랑구 동일로157길 75
초등학교,2050,서울특별시 중랑구 동일로138길 27
초등학교,2193,서울특별시 중랑구 용마산로70길 43
초등학교,2184,서울특별시 중랑구 용마산로100길 13
초등학교,2180,서울특별시 중랑구 용마공원로5길 32
초등학교,2160,서울특별시 중랑구 면목로 434
초등학교,2220,서울특별시 중랑구 면목로57길 32
초등학교,2251,서울특별시 중랑구 면목로30나길 38
초등학교,2179,서울특별시 중랑구 망우로72길 49
초등학교,2061,서울특별시 중랑구 송림길 114
초등학교,2609,서울특별시 동대문구 답십리로60길 12
초등학교,2601,서울특별시 동대문구 전농로3길 23
초등학교,2632,서울특별시 동대문구 한천로6길 21
초등학교,2028,서울특별시 중랑구 신내로21길 55
초등학교,2447,서울특별시 동대문구 경희대로 26
중학교,4764,서울특별시 성동구 왕십리로 189
중학교,4761,서울특별시 성동구 마조로 42
중학교,5069,서울특별시 광진구 뚝섬로41길 33
중학교,4940,서울특별시 광진구 용마산로22길 76
중학교,4734,서울특별시 성동구 한림말길 11
중학교,4982,서울특별시 광진구 워커힐로 32
중학교,5087,서울특별시 광진구 자양강변길 73
중학교,4775,서울특별시 성동구 성덕정9가길 13
중학교,4768,서울특별시 성동구 서울숲길 18
중학교,4716,서울특별시 성동구 행당로 120
중학교,4753,서울특별시 성동구 마장로35나길 31
중학교,4939,서울특별시 광진구 용마산로22길 26
중학교,4759,서울특별시 성동구 마조로11길 18
중학교,5038,서울특별시 광진구 광나루로36길 47
중학교,5022,서울특별시 광진구 광나루로30길 80
중학교,4742,서울특별시 성동구 독서당로62길 46
중학교,5114,서울특별시 광진구 뚝섬로64길 45
중학교,4966,서울특별시 광진구 광장로1길 1
중학교,5104,서울특별시 광진구 자양로3길 7
중학교,4973,서울특별시 광진구 아차산로70길 17-62
중학교,4779,서울특별시 성동구 성수일로 27
중학교,4785,서울특별시 성동구 뚝섬로13길 14
중학교,5025,서울특별시 광진구 자양로 145-1
중학교,6980,서울특별시 동작구 서달로 124
중학교,6963,서울특별시 동작구 장승배기로10가길 25
중학교,8795,서울특별시 관악구 인헌9길 35
중학교,6933,서울특별시 동작구 등용로8길 5
중학교,8841,서울특별시 관악구 신림로 40
중학교,8781,서울특별시 관악구 신림로48길 17-16
중학교,6944,서울특별시 동작구 여의대방로36길 79
중학교,8773,서울특별시 관악구 남부순환로156길 39
중학교,6946,서울특별시 동작구 대방동길 74
중학교,8833,서울특별시 관악구 관악로 85
중학교,7028,서울특별시 동작구 사당로2길 2-19
중학교,7028,서울특별시 동작구 사당로2가길 72
중학교,8816,서울특별시 관악구 신림로3가길 39-24
중학교,7003,서울특별시 동작구 사당로9가길 58
중학교,8736,서울특별시 관악구 관악로24가길 15
중학교,8782,서울특별시 관악구 장군봉길 72
중학교,8863,서울특별시 관악구 문성로16길 40
중학교,7057,서울특별시 동작구 여의대방로22나길 40
중학교,6992,서울특별시 동작구 동작대로39가길 83
중학교,6910,서울특별시 동작구 흑석로9길 94
중학교,7064,서울특별시 동작구 여의대방로10길 24
중학교,8711,서울특별시 관악구 봉천로13길 101
중학교,7022,서울특별시 동작구 남부순환로269길 166
중학교,8773,서울특별시 관악구 남부순환로172길 97
중학교,8854,서울특별시 관악구 난곡로34길 80
중학교,8857,서울특별시 관악구 난곡로16길 32
중학교,7038,서울특별시 동작구 양녕로20길 20
중학교,8723,서울특별시 관악구 성현로 53
중학교,8847,서울특별시 관악구 광신길 141
중학교,8741,서울특별시 관악구 남부순환로237길 60
중학교,6953,서울특별시 동작구 상도로13라길 22
중학교,6955,서울특별시 동작구 대방동15길 29
중학교,5201,서울특별시 강동구 아리수로93다길 1
중학교,5698,서울특별시 송파구 송파대로37길 95
중학교,5279,서울특별시 강동구 동남로 832
중학교,5371,서울특별시 강동구 풍성로 251
중학교,5506,서울특별시 송파구 강동대로2길 27
중학교,5506,서울특별시 송파구 올림픽로43길 20
중학교,5308,서울특별시 강동구 상암로 153
중학교,5323,서울특별시 강동구 천중로 57
중학교,5571,서울특별시 송파구 올림픽로4길 16
중학교,5504,서울특별시 송파구 올림픽로35길 130
중학교,5502,서울특별시 송파구 잠실로 12
중학교,5676,서울특별시 송파구 송파대로38길 8
중학교,5728,서울특별시 송파구 동남로 281
중학교,5649,서울특별시 송파구 양재대로 1242
중학교,5660,서울특별시 송파구 오금로35길 20
중학교,5529,서울특별시 송파구 올림픽로 565
중학교,5572,서울특별시 송파구 올림픽로4길 69
중학교,5501,서울특별시 송파구 백제고분로 11
중학교,5238,서울특별시 강동구 고덕로 65
중학교,5300,서울특별시 강동구 명일로24길 25
중학교,5823,서울특별시 송파구 동남로 203
중학교,5853,서울특별시 송파구 위례순환로 429
중학교,5654,서울특별시 송파구 양재대로72길 41
중학교,5306,서울특별시 강동구 구천면로 396
중학교,5396,서울특별시 강동구 성안로7길 36
중학교,5706,서울특별시 송파구 송이로15길 13
중학교,5541,서울특별시 송파구 강동대로 232
중학교,5282,서울특별시 강동구 천호대로219길 61
중학교,5742,서울특별시 송파구 오금로49길 18
중학교,5649,서울특별시 송파구 양재대로 1278
중학교,5234,서울특별시 강동구 고덕로 227
중학교,5598,서울특별시 송파구 삼학사로 11
중학교,5546,서울특별시 송파구 오금로11길 64
중학교,5645,서울특별시 송파구 오금로29길 31
중학교,5811,서울특별시 송파구 충민로 99
중학교,5797,서울특별시 송파구 문정로 73
중학교,5230,서울특별시 강동구 양재대로156길 57
중학교,5367,서울특별시 강동구 진황도로61길 25-30
중학교,5339,서울특별시 강동구 진황도로 72
중학교,5412,서울특별시 강동구 강동대로 305
중학교,5225,서울특별시 강동구 동남로82길 94
중학교,5789,서울특별시 송파구 양산로2길 30
중학교,5236,서울특별시 강동구 고덕로27길 12
중학교,5285,서울특별시 강동구 상일로12길 56
중학교,5208,서울특별시 강동구 풍산로 237
중학교,5831,서울특별시 송파구 중대로10길 40-18
중학교,5673,서울특별시 송파구 송이로 45
중학교,2796,서울특별시 성북구 월곡로 36
중학교,2736,서울특별시 성북구 종암로 208
중학교,1211,서울특별시 강북구 도봉로13가길 19
중학교,2835,서울특별시 성북구 성북로14가길 23
중학교,2876,서울특별시 성북구 삼선교로16길 118
중학교,1237,서울특별시 강북구 월계로 61
중학교,1133,서울특별시 강북구 솔매로49길 20
중학교,1174,서울특별시 강북구 도봉로29길 52
중학교,2840,서울특별시 성북구 북악산로 918
중학교,1006,서울특별시 강북구 삼양로155길 37-9
중학교,2834,서울특별시 성북구 성북로8길 71
중학교,2763,서울특별시 성북구 한천로 660-30
중학교,2828,서울특별시 성북구 북악산로 870
중학교,2708,서울특별시 성북구 정릉로 161
중학교,2723,서울특별시 성북구 길음로 144
중학교,1095,서울특별시 강북구 화계사길 63
중학교,2809,서울특별시 성북구 종암로5길 80-17
중학교,2743,서울특별시 성북구 장위로4길 70
중학교,1015,서울특별시 강북구 인수봉로75길 10
중학교,2773,서울특별시 성북구 장월로 6
중학교,2843,서울특별시 성북구 고려대로17가길 46
중학교,1095,서울특별시 강북구 인수봉로37길 40
중학교,1061,서울특별시 강북구 한천로122길 21
중학교,2782,서울특별시 성북구 한천로 526
중학교,2833,서울특별시 성북구 동소문로3길 69
중학교,1198,서울특별시 강북구 삼양로19길 141
중학교,2812,서울특별시 성북구 정릉로12길 41
중학교,1137,서울특별시 강북구 오현로35길 87
중학교,1190,서울특별시 강북구 인수봉로 39
중학교,2808,서울특별시 성북구 북악산로 935
중학교,1051,서울특별시 강북구 한천로150길 67
중학교,6799,서울특별시 서초구 청계산로7길 9-20
중학교,6374,서울특별시 강남구 자곡로 81
중학교,6183,서울특별시 강남구 역삼로 541
중학교,6213,서울특별시 강남구 선릉로85길 27
중학교,6344,서울특별시 강남구 일원로8길 37
중학교,6264,서울특별시 강남구 남부순환로359길 36
중학교,6277,서울특별시 강남구 남부순환로 2807
중학교,6548,서울특별시 서초구 신반포로 56-7
중학교,6565,서울특별시 서초구 동광로12길 84
중학교,6700,서울특별시 서초구 효령로2길 123-5
중학교,6278,서울특별시 강남구 도곡로64길 21
중학교,6010,서울특별시 강남구 압구정로61길 36
중학교,6689,서울특별시 서초구 방배중앙로3길 32
중학교,6544,서울특별시 서초구 사평대로45길 10
중학교,6765,서울특별시 서초구 성촌길 14
중학교,6219,서울특별시 강남구 도곡로43길 10
중학교,6093,서울특별시 강남구 선릉로116길 57
중학교,6050,서울특별시 강남구 도산대로38길 27
중학교,6780,서울특별시 서초구 동산로 55
중학교,6003,서울특별시 강남구 압구정로 225
중학교,6000,서울특별시 강남구 압구정로 123
중학교,6504,서울특별시 서초구 신반포로19길 26
중학교,6516,서울특별시 서초구 나루터로 27
중학교,6023,서울특별시 강남구 압구정로36길 17
중학교,6348,서울특별시 강남구 광평로59길 57
중학교,6670,서울특별시 서초구 반포대로13길 48
중학교,6617,서울특별시 서초구 서운로21길 2
중학교,6623,서울특별시 서초구 서운로 115
중학교,6079,서울특별시 강남구 영동대로128길 59
중학교,6589,서울특별시 서초구 동광로 144
중학교,6502,서울특별시 서초구 신반포로 67
중학교,6273,서울특별시 강남구 언주로57길 31
중학교,6299,서울특별시 강남구 남부순환로378길 39
중학교,6289,서울특별시 강남구 양재천로 321
중학교,6362,서울특별시 강남구 광평로20길 7
중학교,6183,서울특별시 강남구 역삼로87길 26
중학교,6318,서울특별시 강남구 선릉로 103
중학교,6521,서울특별시 서초구 신반포로33길 39
중학교,6321,서울특별시 강남구 선릉로 9
중학교,6328,서울특별시 강남구 영동대로 101
중학교,7810,서울특별시 강서구 마곡서1로 16
중학교,7638,서울특별시 강서구 강서로45길 70
중학교,7958,서울특별시 양천구 목동중앙남로 27
중학교,7985,서울특별시 양천구 안양천로 1039
중학교,7736,서울특별시 강서구 등촌로13아길 20
중학교,8099,서울특별시 양천구 목동동로2길 68
중학교,7633,서울특별시 강서구 강서로47길 34-10
중학교,7576,서울특별시 강서구 화곡로 403
중학교,7664,서울특별시 강서구 공항대로 484-12
중학교,7640,서울특별시 강서구 강서로45길 91-44
중학교,7598,서울특별시 강서구 마곡중앙5로 58
중학교,7764,서울특별시 강서구 강서로17나길 86
중학교,7984,서울특별시 양천구 목동서로 31
중학교,7536,서울특별시 강서구 양천로67가길 83
중학교,7535,서울특별시 강서구 양천로69길 35
중학교,8037,서울특별시 양천구 지양로7길 32
중학교,7912,서울특별시 양천구 남부순환로 380
중학교,7947,서울특별시 양천구 목동중앙북로 49
중학교,7935,서울특별시 양천구 중앙로 319
중학교,7902,서울특별시 양천구 남부순환로29길 35
중학교,7902,서울특별시 양천구 남부순환로29길 25
중학교,7909,서울특별시 양천구 가로공원로55길 19
중학교,8091,서울특별시 양천구 중앙로 206
중학교,7981,서울특별시 양천구 목동중앙로 88
중학교,8061,서울특별시 양천구 중앙로29길 109
중학교,7642,서울특별시 강서구 수명로2길 16
중학교,7628,서울특별시 강서구 남부순환로 121
중학교,7529,서울특별시 강서구 허준로 36
중학교,7508,서울특별시 강서구 금낭화로 210
중학교,7669,서울특별시 강서구 등촌로51나길 35
중학교,7621,서울특별시 강서구 개화동로27길 9
중학교,7515,서울특별시 강서구 금낭화로 268
중학교,8018,서울특별시 양천구 목동동로8길 70
중학교,7996,서울특별시 양천구 목동동로 235
중학교,8010,서울특별시 양천구 목동동로 172
중학교,7576,서울특별시 강서구 화곡로65길 50
중학교,7585,서울특별시 강서구 공항대로39길 39
중학교,8080,서울특별시 양천구 신정로 213
중학교,7618,서울특별시 강서구 방화대로 241
중학교,7533,서울특별시 강서구 양천로59길 31
중학교,8047,서울특별시 양천구 남부순환로 604
중학교,3087,서울특별시 종로구 대학로 64
중학교,4500,서울특별시 중구 환일길 47
중학교,4566,서울특별시 중구 을지로 299
중학교,4384,서울특별시 용산구 녹사평대로 73
중학교,3047,서울특별시 종로구 창의문로 51
중학교,4516,서울특별시 중구 정동길 22
중학교,3051,서울특별시 종로구 창덕궁길 164
중학교,4603,서울특별시 중구 동호로15길 93
중학교,4603,서울특별시 중구 동호로15길 93-34
중학교,4353,서울특별시 용산구 두텁바위로 74
중학교,4423,서울특별시 용산구 이촌로65가길 91
중학교,4396,서울특별시 용산구 보광로7길 17
중학교,4313,서울특별시 용산구 청파로 263
중학교,4361,서울특별시 용산구 원효로19길 49
중학교,4314,서울특별시 용산구 원효로97길 33-4
중학교,3016,서울특별시 종로구 홍지문2길 20
중학교,4338,서울특별시 용산구 신흥로3가길 66
중학교,3039,서울특별시 종로구 필운대로1길 34
중학교,4305,서울특별시 용산구 효창원로 258
중학교,3083,서울특별시 종로구 대학로 156
중학교,4548,서울 중구 마른내로9길 10
중학교,3062,서울특별시 종로구 율곡로3길 49
중학교,3029,서울특별시 종로구 사직로 9
중학교,4592,서울특별시 중구 매봉18길 111
중학교,4587,서울특별시 중구 청구로 6
중학교,3067,서울특별시 종로구 혜화로 74
중학교,1372,서울특별시 도봉구 우이천로 432
중학교,1832,서울특별시 노원구 공릉로 265
중학교,1791,서울특별시 노원구 노원로 261-8
중학교,1801,서울특별시 노원구 화랑로51나길 51
중학교,1672,서울특별시 노원구 한글비석로 506
중학교,1424,서울특별시 도봉구 노해로66길 60
중학교,1483,서울특별시 도봉구 노해로62길 33
중학교,1338,서울특별시 도봉구 방학로 32
중학교,1776,서울특별시 노원구 동일로203길 87
중학교,1787,서울특별시 노원구 공릉로 420
중학교,1712,서울특별시 노원구 덕릉로76길 23
중학교,1438,서울특별시 도봉구 노해로49길 69
중학교,1717,서울특별시 노원구 덕릉로82길 64
중학교,1741,서울특별시 노원구 덕릉로 580
중학교,1877,서울특별시 노원구 월계로45가길 54
중학교,1678,서울특별시 노원구 노원로 492
중학교,1874,서울특별시 노원구 월계로45가길 9
중학교,1874,서울 노원구 월계로45길 92
중학교,1755,서울특별시 노원구 동일로216길 42
중학교,1359,서울특별시 도봉구 시루봉로 156
중학교,1443,서울특별시 도봉구 도봉로115길 16
중학교,1602,서울특별시 노원구 동일로 1729
중학교,1375,서울특별시 도봉구 시루봉로 53
중학교,1670,서울특별시 노원구 수락산로 182
중학교,1758,서울특별시 노원구 덕릉로 553
중학교,1705,서울특별시 노원구 노원로 398
중학교,1716,서울특별시 노원구 덕릉로86길 29-15
중학교,1619,서울특별시 노원구 동일로227길 61
중학교,1747,서울특별시 노원구 한글비석로5길 45
중학교,1305,서울특별시 도봉구 도봉로169가길 33
중학교,1432,서울특별시 도봉구 도봉로129길 50
중학교,1358,서울특별시 도봉구 시루봉로 188
중학교,1329,서울특별시 도봉구 마들로 671
중학교,1905,서울특별시 노원구 월계로 376
중학교,1613,서울특별시 노원구 동일로231길 24
중학교,1764,서울특별시 노원구 동일로213길 26
중학교,1419,서울특별시 도봉구 노해로70길 95
중학교,1890,서울특별시 노원구 광운로1길 24
중학교,1823,서울특별시 노원구 노원로1길 42
중학교,7390,서울특별시 영등포구 신길로28길 43
중학교,8362,서울특별시 구로구 연동로 239-2
중학교,8364,서울특별시 구로구 천왕로 63
중학교,8566,서울특별시 금천구 독산로50길 60
중학교,7322,서울특별시 영등포구 여의동로3길 3
중학교,8258,서울특별시 구로구 부일로 917
중학교,8242,서울특별시 구로구 고척로27바길 19
중학교,8363,서울특별시 구로구 오리로9길 25
중학교,7310,서울특별시 영등포구 영등포로62길 31
중학교,8370,서울특별시 구로구 도림로20길 35
중학교,8299,서울특별시 구로구 가마산로27길 17
중학교,7411,서울특별시 영등포구 대림로31나길 17
중학교,7341,서울특별시 영등포구 국제금융로7길 46
중학교,7293,서울특별시 영등포구 당산로 56
중학교,8597,서울특별시 금천구 한내로 69-44
중학교,8207,서울특별시 구로구 경인로63길 74
중학교,8650,서울특별시 금천구 시흥대로38길 60
중학교,8533,서울특별시 금천구 시흥대로147길 34
중학교,7211,서울특별시 영등포구 선유로 213
중학교,8634,서울특별시 금천구 시흥대로47길 45
중학교,8551,서울특별시 금천구 독산로102길 78
중학교,7283,서울특별시 영등포구 선유서로13길 6
중학교,8656,서울특별시 금천구 탑골로10길 45
중학교,7397,서울특별시 영등포구 도림로80가길 14
중학교,7442,서울특별시 영등포구 시흥대로185길 6
중학교,7224,서울특별시 영등포구 버드나루로 160
중학교,7213,서울특별시 영등포구 당산로41길 12
중학교,8549,서울특별시 금천구 문성로 67
중학교,8324,서울특별시 구로구 구일로 90-133
중학교,8303,서울특별시 구로구 구로중앙로 48
중학교,8225,서울특별시 구로구 중앙로3길 20
중학교,8238,서울특별시 구로구 경인로 301
중학교,8351,서울특별시 구로구 개봉로11길 81
중학교,8250,서울특별시 구로구 고척로21나길 68
중학교,8584,서울특별시 금천구 시흥대로115길 48
중학교,3709,서울특별시 서대문구 수색로 100-75
중학교,3967,서울특별시 마포구 성미산로 51
중학교,3648,서울특별시 서대문구 연희로41길 94
중학교,3771,서울특별시 서대문구 북아현로1길 24
중학교,3481,서울특별시 은평구 가좌로5길 5
중학교,4102,서울특별시 마포구 백범로1길 56
중학교,3302,서울특별시 은평구 진관4로 36
중학교,3493,서울특별시 은평구 증산로5길 27-30
중학교,3762,서울특별시 서대문구 북아현로11가길 7
중학교,3934,서울특별시 마포구 월드컵북로38길 25
중학교,3652,서울특별시 서대문구 연희로37안길 51
중학교,3746,서울특별시 서대문구 경기대로 65
중학교,3620,서울특별시 서대문구 세검정로4길
중학교,3765,서울특별시 서대문구 성산로 520
중학교,3429,서울특별시 은평구 갈현로17나길 12-1
중학교,3412,서울특별시 은평구 연서로 117
중학교,3475,서울특별시 은평구 백련산로 134-6
중학교,3670,서울특별시 서대문구 증가로 170
중학교,3338,서울특별시 은평구 연서로41길 30
중학교,3342,서울특별시 은평구 연서로33길 16-32
중학교,3496,서울특별시 은평구 증산서길 125-6
중학교,3718,서울특별시 서대문구 연희로36길 32
중학교,4117,서울특별시 마포구 마포대로 247
중학교,3717,서울특별시 서대문구 모래내로 408
중학교,4087,서울특별시 마포구 신수로 49
중학교,3310,서울특별시 은평구 진관1로 77-30
중학교,3445,서울특별시 은평구 은평터널로7길 6
중학교,4126,서울특별시 마포구 숭문길 99
중학교,3965,서울특별시 마포구 성산로4길 42
중학교,4072,서울특별시 마포구 성지1길 32-13
중학교,3951,서울특별시 마포구 모래내로9길 16
중학교,3327,서울특별시 은평구 서오릉로20길 19
중학교,3322,서울특별시 은평구 갈현로29길 27
중학교,4140,서울특별시 마포구 백범로25길 34
중학교,3704,서울특별시 서대문구 연희로11마길 9-6
중학교,3907,서울특별시 마포구 상암산로1길 26
중학교,3447,서울특별시 은평구 증산로15길 61
중학교,3359,서울특별시 은평구 불광로 180
중학교,3656,서울특별시 서대문구 명지2길 56
중학교,3735,서울특별시 서대문구 독립문로 49
중학교,4140,서울특별시 마포구 백범로 139
중학교,3433,서울특별시 은평구 가좌로 400
중학교,3322,서울특별시 은평구 갈현로29길 51-24
중학교,3429,서울특별시 은평구 갈현로15길 20-23
중학교,4097,서울 마포구 신수로8길 20
중학교,3977,서울특별시 마포구 성미산로 111
중학교,2498,서울특별시 동대문구 망우로18나길 20
중학교,2503,서울특별시 동대문구 한천로 247
중학교,2174,서울특별시 중랑구 봉우재로58길 39
중학교,2040,서울특별시 중랑구 공릉로2길 60-25
중학교,2461,서울특별시 동대문구 왕산로 301
중학교,2193,서울특별시 중랑구 용마산로 364
중학교,2047,서울특별시 중랑구 동일로140길 33
중학교,2480,서울특별시 동대문구 홍릉로15길 50
중학교,2506,서울특별시 동대문구 사가정로13길 67
중학교,2511,서울특별시 동대문구 장안벚꽃로 291
중학교,2506,서울특별시 동대문구 사가정로13길 71
중학교,2640,서울특별시 동대문구 답십리로72길 158
중학교,2088,서울특별시 중랑구 동일로 780
중학교,2022,서울특별시 중랑구 신내로23길 57
중학교,2254,서울특별시 중랑구 면목로28길 18
중학교,2061,서울특별시 중랑구 망우로73길 56
중학교,2075,서울특별시 중랑구 봉화산로 162
중학교,2592,서울특별시 동대문구 천호대로47길 34
중학교,2057,서울특별시 중랑구 양원역로 67
중학교,2575,서울특별시 동대문구 왕산로23길 55
중학교,2081,서울특별시 중랑구 상봉중앙로8나길 28
중학교,2179,서울특별시 중랑구 망우로70길 89
중학교,2193,서울특별시 중랑구 용마산로70길 37
중학교,2062,서울특별시 중랑구 양원역로 32
중학교,2553,서울특별시 동대문구 사가정로 59
중학교,2520,서울특별시 동대문구 장안벚꽃로 201
중학교,2581,서울특별시 동대문구 안암로 6
중학교,2447,서울특별시 동대문구 경희대로 26
중학교,2447,서울특별시 동대문구 경희대로 26
고등학교,4388,서울특별시 용산구 서빙고로 24
고등학교,1832,서울특별시 노원구 공릉로 257
고등학교,1878,서울특별시 노원구 초안산로 12
고등학교,7736,서울특별시 강서구 등촌로13아길 20
고등학교,3094,서울특별시 종로구 지봉로17길 49
고등학교,3390,서울특별시 은평구 통일로 793
고등학교,6278,서울특별시 강남구 도곡로64길 21
고등학교,8847,서울특별시 관악구 광신길 141
고등학교,2828,서울특별시 성북구 북악산로 870
고등학교,4502,서울특별시 중구 만리재로37길 30
고등학교,8831,서울특별시 관악구 청룡16길 25
고등학교,6373,서울특별시 강남구 자곡로 152
고등학교,4727,서울특별시 성동구 금호로 118
고등학교,4701,서울특별시 성동구 마장로 156
고등학교,3453,서울특별시 은평구 은평로6길 16
고등학교,3327,서울특별시 은평구 서오릉로20길 19
고등학교,2720,서울특별시 성북구 길음로 63
고등학교,7597,서울특별시 강서구 방화대로34길 13
고등학교,4592,서울특별시 중구 매봉18길 111
고등학교,5225,서울특별시 강동구 동남로 964
고등학교,8051,서울특별시 양천구 신정이펜1로 11
고등학교,8656,서울특별시 금천구 탑골로10길 45
고등학교,8248,서울특별시 구로구 오리로21길 2
고등학교,2736,서울특별시 성북구 종암로 196
고등학교,5306,서울특별시 강동구 구천면로 396
고등학교,3709,서울특별시 서대문구 수색로 100-35
고등학교,2511,서울특별시 동대문구 한천로 290
고등학교,5501,서울특별시 송파구 백제고분로 21
고등학교,8723,서울특별시 관악구 성현로 57
고등학교,2796,서울특별시 성북구 월곡로 6
고등학교,7638,서울특별시 강서구 강서로45길 70
고등학교,1721,서울특별시 노원구 중계로16나길 13
고등학교,3977,서울특별시 마포구 성미산로 111
고등학교,2834,서울특별시 성북구 성북로8길 71
고등학교,2057,서울특별시 중랑구 양원역로 67
고등학교,1375,서울특별시 도봉구 시루봉로 53
고등학교,1199,서울특별시 강북구 삼양로19길 40
고등학교,5237,서울특별시 강동구 고덕로25길 17
고등학교,3312,서울특별시 은평구 통일로 961
고등학교,7529,서울특별시 강서구 허준로 50
고등학교,7909,서울특별시 양천구 가로공원로61길 19
고등학교,3306,서울특별시 은평구 진관2로 57-57
고등학교,1773,서울특별시 노원구 섬밭로 299
고등학교,5811,서울특별시 송파구 충민로 115
고등학교,5213,서울특별시 강동구 아리수로98길 40
고등학교,3305,서울특별시 은평구 연서로 535
고등학교,6003,서울특별시 강남구 압구정로39길 20
고등학교,5282,서울특별시 강동구 천호대로219길 61
고등학교,4129,서울특별시 마포구 마포대로11길 44-80
고등학교,1874,서울특별시 노원구 월계로45가길 9
고등학교,3322,서울특별시 은평구 갈현로29길 27
고등학교,4628,서울특별시 중구 소파로2길
고등학교,8249,서울특별시 구로구 오리로22나길 16-26
고등학교,4566,서울특별시 중구 퇴계로 375
고등학교,1338,서울특별시 도봉구 마들로 598
고등학교,1190,서울특별시 강북구 인수봉로 39
고등학교,4768,서울특별시 성동구 서울숲길 18
고등학교,7635,서울특별시 강서구 수명로2길 15
고등학교,8200,서울특별시 구로구 경인로67길 159
고등학교,3302,서울특별시 은평구 진관4로 26
고등학교,3428,서울특별시 은평구 갈현로15길 51
고등학교,1174,서울특별시 강북구 도봉로29길 52
고등학교,4731,서울특별시 성동구 동호로5길 131
고등학교,7589,서울특별시 강서구 화곡로 379
고등학교,3057,서울특별시 종로구 계동길 84-10
고등학교,7206,서울특별시 영등포구 선유로55길 22
고등학교,8217,서울특별시 구로구 경인로53가길 17
고등학교,2505,서울특별시 동대문구 전농로20길 31
고등학교,3066,서울특별시 종로구 성균관로13길 40
고등학교,8258,서울특별시 구로구 오리로21길 79
고등학교,5742,서울특별시 송파구 오금로49길 18
고등학교,2505,서울특별시 동대문구 전농로20길 31
고등학교,3412,서울특별시 은평구 연서로 117
고등학교,6761,서울특별시 서초구 과천대로 852-23
고등학교,4764,서울특별시 성동구 왕십리로 199
고등학교,3903,서울특별시 마포구 월드컵북로 445
고등학교,2041,서울특별시 중랑구 숙선옹주로 82
고등학교,2708,서울특별시 성북구 정릉로 161
고등학교,8021,서울특별시 양천구 목동로11길 46
고등학교,4761,서울특별시 성동구 마조로 42
고등학교,1372,서울특별시 도봉구 우이천로 432
고등학교,8021,서울특별시 양천구 은행정로 42
고등학교,7531,서울특별시 강서구 허준로 227
고등학교,2061,서울특별시 중랑구 망우로73길 56
고등학교,5038,서울특별시 광진구 광나루로36길 47
고등학교,8099,서울특별시 양천구 목동동로2길 68
고등학교,4140,서울특별시 마포구 백범로 139
고등학교,6352,서울특별시 강남구 광평로39길 93
고등학교,8714,서울특별시 관악구 은천로15길 25
고등학교,6363,서울특별시 강남구 광평로20길 63
고등학교,4571,서울특별시 중구 다산로 290
고등학교,1736,서울특별시 노원구 중계로 155
고등학교,1874,서울특별시 노원구 초안산로5길 66
고등학교,7209,서울특별시 영등포구 선유로 227
고등학교,8248,서울특별시 구로구 오리로 1355-10
고등학교,5555,서울특별시 송파구 석촌호수로 93
고등학교,1412,서울특별시 도봉구 노해로69길 150
고등학교,2075,서울특별시 중랑구 봉화산로 174
고등학교,5809,서울특별시 송파구 송이로34길 62
고등학교,7580,서울특별시 강서구 공항대로39길 115
고등학교,1302,서울특별시 도봉구 도봉산길 27
고등학교,4779,서울특별시 성동구 성수일로 27
고등학교,8833,서울특별시 관악구 관악로 85
고등학교,1874,서울특별시 노원구 월계로45가길 9
고등학교,1758,서울특별시 노원구 덕릉로 553
고등학교,1717,서울특별시 노원구 덕릉로82길 54
고등학교,5645,서울특별시 송파구 오금로27길 18
고등학교,1318,서울특별시 도봉구 마들로 849
고등학교,4346,서울특별시 용산구 회나무로12길 27
고등학교,8821,서울특별시 관악구 호암로 546
고등학교,1675,서울특별시 노원구 노원로 586
고등학교,8275,서울특별시 구로구 경인로46길 31
고등학교,1483,서울특별시 도봉구 노해로62길 7
고등학교,8551,서울특별시 금천구 문성로 64
고등학교,1602,서울특별시 노원구 동일로245길 143
고등학교,1672,서울특별시 노원구 한글비석로 506
고등학교,3759,서울특별시 서대문구 성산로 560
고등학교,8248,서울특별시 구로구 오리로21길 2
고등학교,3337,서울특별시 은평구 통일로92가길 33
고등학교,4314,서울특별시 용산구 원효로97길 33-4
고등학교,4566,서울특별시 중구 을지로 299
고등학교,2480,서울특별시 동대문구 홍릉로15길 50
고등학교,5676,서울특별시 송파구 송파대로38길 8
고등학교,8360,서울특별시 구로구 경인로 8
고등학교,7524,서울특별시 강서구 허준로5길 15
고등학교,6324,서울특별시 강남구 개포로 410
고등학교,8833,서울특별시 관악구 관악로 85
고등학교,8357,서울특별시 구로구 서해안로21길 5-12
고등학교,1890,서울특별시 노원구 광운로1길 24
고등학교,2511,서울특별시 동대문구 겸재로 21
고등학교,5771,서울특별시 송파구 양산로 21
고등학교,4780,서울특별시 성동구 뚝섬로 365
고등학교,6955,서울특별시 동작구 대방동1길 46
고등학교,3047,서울특별시 종로구 자하문로 136
고등학교,1810,서울특별시 노원구 공릉로 264
고등학교,7514,서울특별시 강서구 방화대로47길 9
고등학교,6183,서울특별시 강남구 역삼로 541
고등학교,2503,서울특별시 동대문구 한천로 247
고등학교,4500,서울특별시 중구 환일길 47
고등학교,7640,서울특별시 강서구 강서로45길 69
고등학교,3967,서울특별시 마포구 성미산로 51
고등학교,2835,서울특별시 성북구 성북로14가길 23
고등학교,2174,서울특별시 중랑구 봉우재로58길 39
고등학교,1749,서울특별시 노원구 노원로16길 2
고등학교,6000,서울특별시 강남구 압구정로 127
고등학교,5279,서울특별시 강동구 동남로 832
고등학교,5279,서울특별시 강동구 동남로 832
고등학교,2876,서울특별시 성북구 삼선교로16길 117
고등학교,3771,서울특별시 서대문구 북아현로1길 24
고등학교,7507,서울특별시 강서구 양천로11길 47
고등학교,1795,서울특별시 노원구 화랑로 815
고등학교,7732,서울특별시 강서구 등촌로13길 110
고등학교,7984,서울특별시 양천구 목동서로 15
고등학교,3481,서울특별시 은평구 가좌로5길 5
고등학교,1672,서울특별시 노원구 한글비석로 506
고등학교,1237,서울특별시 강북구 월계로 61
고등학교,6213,서울특별시 강남구 선릉로85길 27
고등학교,8002,서울특별시 양천구 목동로 170
고등학교,3762,서울특별시 서대문구 북아현로11가길 7
고등학교,6277,서울특별시 강남구 선릉로 207
고등학교,3051,서울특별시 종로구 창덕궁길 164
고등학교,6350,서울특별시 강남구 일원로14길 22
고등학교,6338,서울특별시 강남구 일원로 7
고등학교,1438,서울특별시 도봉구 노해로49길 69
고등학교,5571,서울특별시 송파구 올림픽로4길 16
고등학교,1717,서울특별시 노원구 덕릉로82길 64
고등학교,7316,서울특별시 영등포구 영등포로64길 26
고등학교,4603,서울특별시 중구 동호로15길 93
고등학교,5676,서울특별시 송파구 송파대로38길 8
고등학교,3746,서울특별시 서대문구 경기대로 65
고등학교,4516,서울특별시 중구 통일로4길 30
고등학교,4516,서울특별시 중구 정동길
고등학교,6264,서울특별시 강남구 남부순환로359길 36
고등학교,8258,서울특별시 구로구 부일로 917
고등학교,1687,서울특별시 노원구 동일로 1461
고등학교,2843,서울특별시 성북구 고려대로17가길 46
고등학교,4396,서울특별시 용산구 보광로7길 17
고등학교,3412,서울특별시 은평구 연서로 117
고등학교,1211,서울특별시 강북구 도봉로13가길 19
고등학교,5529,서울특별시 송파구 올림픽로 565
고등학교,7669,서울특별시 강서구 등촌로51가길 26
고등학교,1721,서울특별시 노원구 중계로16나길 13
고등학교,8831,서울특별시 관악구 청룡16길 25
고등학교,6065,서울특별시 강남구 선릉로 742
고등학교,8108,서울특별시 양천구 신정로14길 13
고등학교,7985,서울특별시 양천구 안양천로 1039
고등학교,1133,서울특별시 강북구 솔매로49길 20
고등학교,4313,서울특별시 용산구 청파로 263
고등학교,6944,서울특별시 동작구 여의대방로36길 79
고등학교,3445,서울특별시 은평구 은평터널로7길 6
고등학교,4126,서울특별시 마포구 숭문길 99
고등학교,6277,서울특별시 강남구 남부순환로 2807
고등학교,2057,서울특별시 중랑구 양원역로 67
고등학교,2062,서울특별시 중랑구 양원역로 50
고등학교,6548,서울특별시 서초구 신반포로 56-7
고등학교,6548,서울특별시 서초구 신반포로 56-7
고등학교,4361,서울특별시 용산구 원효로19길 49
고등학교,2840,서울특별시 성북구 동소문로26가길 80
고등학교,8773,서울특별시 관악구 남부순환로156길 39
고등학교,6946,서울특별시 동작구 대방동길 74
고등학교,4991,서울특별시 광진구 천호대로 664
고등학교,3327,서울특별시 은평구 서오릉로20길 19
고등학교,3322,서울특별시 은평구 갈현로29길 27
고등학교,1375,서울특별시 도봉구 시루봉로 53
고등학교,1489,서울특별시 도봉구 덕릉로66길 22
고등학교,3011,서울특별시 종로구 평창문화로 70
고등학교,6348,서울특별시 강남구 광평로51길 36
고등학교,8802,서울특별시 관악구 남부순환로247길 26
고등학교,,
고등학교,6565,서울특별시 서초구 동광로12길 84
고등학교,1745,서울특별시 노원구 한글비석로5길 18
고등학교,5282,서울특별시 강동구 천호대로219길 61
고등학교,6707,서울특별시 서초구 명달로 45
고등학교,3016,서울특별시 종로구 홍지문2길 20
고등학교,4338,서울특별시 용산구 신흥로3가길 66
고등학교,5649,서울특별시 송파구 양재대로 1278
고등학교,8080,서울특별시 양천구 신정로13길 16
고등학교,3039,서울특별시 종로구 필운대로1길 34
고등학교,5234,서울특별시 강동구 고덕로 227
고등학교,4305,서울특별시 용산구 효창원로 258
고등학교,5598,서울특별시 송파구 삼학사로 11
고등학교,8821,서울특별시 관악구 호암로 546
고등학교,8634,서울특별시 금천구 시흥대로47길 45
고등학교,3656,서울특별시 서대문구 명지2길 56
고등학교,7633,서울특별시 강서구 강서로47길 34-10
고등학교,7633,서울특별시 강서구 강서로47길 34-10
고등학교,7633,서울특별시 강서구 강서로47길 34-10
고등학교,7576,서울특별시 강서구 화곡로 403
고등학교,8656,서울특별시 금천구 탑골로10길 45
고등학교,3083,서울특별시 종로구 대학로 156
고등학교,5412,서울특별시 강동구 강동대로 305
고등학교,3390,서울특별시 은평구 통일로 793
고등학교,6700,서울특별시 서초구 효령로2길 123-5
고등학교,2520,서울특별시 동대문구 장안벚꽃로 201
고등학교,7640,서울특별시 강서구 강서로45길 91-44
고등학교,7640,서울특별시 강서구 강서로45길 91-44
고등학교,3061,서울특별시 종로구 율곡로3길 50
고등학교,1785,서울특별시 노원구 공릉로 438
고등학교,1807,서울특별시 노원구 공릉로62가길 47
고등학교,2713,서울특별시 성북구 서경로 116
고등학교,7672,서울특별시 강서구 등촌로 105
고등학교,4939,서울특별시 광진구 용마산로22길 26
고등학교,4939,서울특별시 광진구 용마산로22길 26
고등학교,4939,서울특별시 광진구 용마산로22길 26
고등학교,3029,서울특별시 종로구 사직로 9
고등학교,3322,서울특별시 은평구 갈현로29길 51-24
고등학교,2581,서울특별시 동대문구 안암로 6
고등학교,6278,서울특별시 강남구 도곡로64길 21
고등학교,8854,서울특별시 관악구 난곡로34길 80
고등학교,7909,서울특별시 양천구 남부순환로30길 17
고등학교,7909,서울특별시 양천구 남부순환로30길 17
고등학교,8847,서울특별시 관악구 광신길 141
고등학교,4097,서울특별시 마포구 신수로8길 20
고등학교,5225,서울특별시 강동구 동남로 968
고등학교,2447,서울특별시 동대문구 경희대로 26
고등학교,2447,서울특별시 동대문구 경희대로 26
고등학교,3067,서울특별시 종로구 혜화로 74
고등학교,3977,서울특별시 마포구 성미산로 111
고등학교,7589,서울특별시 강서구 화곡로63길 40
고등학교,6995,서울특별시 동작구 동작대로 171
고등학교,5029,서울특별시 광진구 능동로 120
고등학교,7958,서울특별시 양천구 목동중앙남로 27
고등학교,5279,서울특별시 강동구 구천면로 572
고등학교,1095,서울특별시 강북구 인수봉로 127
고등학교,3732,서울특별시 서대문구 통일로 279-79
고등학교,2021,서울특별시 중랑구 신내로23길 36
고등학교,2461,서울특별시 동대문구 왕산로 303
고등학교,6009,서울특별시 강남구 압구정로 419
고등학교,5649,서울특별시 송파구 양재대로 1240
고등학교,2047,서울특별시 중랑구 봉화산로27길 62
고등학교,4426,서울특별시 용산구 이촌로84길 34
고등학교,5507,서울특별시 송파구 올림픽로33길 71
고등학교,5502,서울특별시 송파구 잠실로 24
고등학교,5069,서울특별시 광진구 뚝섬로37길 28
고등학교,8796,서울특별시 관악구 인헌9길 74
고등학교,4353,서울특별시 용산구 두텁바위로 60
고등학교,5660,서울특별시 송파구 중대로 247
고등학교,7436,서울 영등포구 대방천로14길 18
고등학교,7310,서울특별시 영등포구 영등포로62길 13
고등학교,6933,서울특별시 동작구 등용로8길 5
고등학교,7341,서울특별시 영등포구 국제금융로7가길 13
고등학교,7338,서울특별시 영등포구 국제금융로7길 37
고등학교,6780,서울 서초구 동산로13길 35
고등학교,6750,서울특별시 서초구 남부순환로346길 9
고등학교,8018,서울특별시 양천구 안양천로 739
고등학교,8772,서울특별시 관악구 문성로 119
고등학교,7062,서울특별시 동작구 여의대방로10길 73
고등학교,4579,서울특별시 중구 퇴계로90길 17
고등학교,2782,서울특별시 성북구 한천로70길 30
고등학교,6656,서울특별시 서초구 반포대로27길 29
고등학교,5541,서울특별시 송파구 강동대로 232
고등학교,4140,서울특별시 마포구 백범로25길 34
고등학교,3066,서울특별시 종로구 혜화로 63
고등학교,6669,서울특별시 서초구 효령로 197
고등학교,1761,서울특별시 노원구 노해로 432
고등학교,8815,서울특별시 관악구 신림로 41
고등학교,6598,서울특별시 서초구 고무래로 71
고등학교,4716,서울특별시 성동구 고산자로 197
고등학교,5268,서울특별시 강동구 명일로 350
고등학교,2193,서울특별시 중랑구 용마산로72길 36-14
고등학교,5367,서울특별시 강동구 명일로 140
고등학교,7031,서울특별시 동작구 솔밭로 51
고등학교,7397,서울특별시 영등포구 도림로86길 16
고등학교,8712,서울특별시 관악구 봉천로21길 108
고등학교,8650,서울특별시 금천구 시흥대로38길 26
고등학교,8080,서울특별시 양천구 신정로 213
고등학교,8324,서울특별시 구로구 구일로 90-51
고등학교,8299,서울특별시 구로구 가마산로27길 45
고등학교,5104,서울특별시 광진구 자양로3가길 31
고등학교,4973,서울특별시 광진구 아차산로70길 17-16
고등학교,7278,서울특별시 영등포구 영등포로6길 26
고등학교,7597,서울특별시 강서구 방화대로34길 43
고등학교,8239,서울특별시 구로구 중앙로15길 162
고등학교,3047,서울특별시 종로구 자하문로28가길 9
고등학교,2870,서울특별시 성북구 보문로29길 49
고등학교,6324,서울특별시 강남구 삼성로 29
고등학교,6086,서울특별시 강남구 영동대로 643
고등학교,6324,서울특별시 강남구 개포로 402
고등학교,5678,서울특별시 송파구 송이로 42
고등학교,8650,서울특별시 금천구 시흥대로38길 62
고등학교,6311,서울특별시 강남구 개포로22길 65
